{
    "loss": 18.074567794799805,
    "accuracy": 0.5179855823516846
}