{
    "loss": 0.5717735886573792,
    "accuracy": 0.8992805480957031
}