{
    "loss": 6.1450724601745605,
    "accuracy": 0.5179855823516846
}