{
    "loss": 1.8359779119491577,
    "accuracy": 0.597122311592102
}