{
    "loss": 2.334005832672119,
    "accuracy": 0.8345323801040649
}